{"start_time": 1695055221.4216504, "end_time": 1695055221.7792764, "read_duration": 0.2769544529999166, "inference_duration": 0.0806507369998144, "write_duration": 1.6418000086559914e-05, "total_duration": 0.35762596130371094, "sample_count": 9}